<?xml version="1.0" encoding="UTF-8"?>
<configuration debug="true">
    <!-- 변수 지정 -->
    <property name="LOG_DIR" value="D:/vpa/logs" />
    <property name="LOG_PATH_NAME" value="${LOG_DIR}/gportal-vpa" />

    <appender name="FILE" class="ch.qos.logback.core.rolling.RollingFileAppender">
        <file>${LOG_PATH_NAME}.log</file>
        <rollingPolicy class="ch.qos.logback.core.rolling.TimeBasedRollingPolicy">
            <!-- rollover daily -->
            <fileNamePattern>${LOG_PATH_NAME}-%d{yyyy-MM-dd}.%i.log</fileNamePattern>
            <timeBasedFileNamingAndTriggeringPolicy class="ch.qos.logback.core.rolling.SizeAndTimeBasedFNATP">
                <!-- or whenever the file size reaches 100MB -->
                <maxFileSize>100MB</maxFileSize>
            </timeBasedFileNamingAndTriggeringPolicy>
        </rollingPolicy>
        <encoder>
            <pattern>%d{HH:mm:ss.SSS} %-5level %logger{36} - %msg%n</pattern>
        </encoder>
    </appender>
    <appender name="STDOUT" class="ch.qos.logback.core.ConsoleAppender">
        <layout class="ch.qos.logback.classic.PatternLayout">
            <Pattern>%d{HH:mm:ss.SSS} %-5level %logger{36} - %msg%n</Pattern>
        </layout>
    </appender>

    <!-- log4jdbc
        jdbc.sqlonly    : Logs only SQL
        jdbc.sqltiming  : Logs the SQL, post-execution, including timing execution statistics
        jdbc.audit      : Logs ALL JDBC calls except for ResultSets
        jdbc.resultset  : all calls to ResultSet objects are logged
        jdbc.connection : Logs connection open and close events
    -->
    <logger name="jdbc" level="OFF"/>

    <logger name="jdbc.sqlonly" level="INFO" additivity="false">
        <appender-ref ref="STDOUT" />
    </logger>

    <logger name="jdbc.resultsettable" level="INFO" additivity="false">
        <appender-ref ref="STDOUT" />
    </logger>
    <!-- // log4jdbc -->

    <!-- Loggers -->
    <logger name="org.springframework.core">
        <level value="info" />
    </logger>
    <logger name="org.springframework.beans">
        <level value="info" />
    </logger>
    <logger name="org.springframework.context">
        <level value="info" />
    </logger>
    <logger name="org.springframework.web">
        <level value="info" />
    </logger>

    <root level="info">
        <!-- <root level="debug"> -->
        <!-- <appender-ref ref="FILE"/> -->
        <appender-ref ref="STDOUT" />
    </root>
</configuration>


<!-- * Log Level
trace debug info warn error
Logback에는 fatal 이 없다. 대신 off 를 사용해서 로깅을 최소화 할 수 있다. -->

