<?xml version="1.0" encoding="UTF-8"?>
<configuration debug="true">
    <!-- 변수 지정 -->
    <property name="LOG_DIR" value="/logs001/gportal-vpa${server.node}" />
    <property name="LOG_PATH_NAME" value="${LOG_DIR}/gportal-vpa${server.node}" />

    <appender name="FILE" class="ch.qos.logback.core.rolling.RollingFileAppender">
        <file>${LOG_PATH_NAME}.log</file>
        <rollingPolicy class="ch.qos.logback.core.rolling.TimeBasedRollingPolicy">
            <!-- rollover daily -->
            <fileNamePattern>${LOG_PATH_NAME}-%d{yyyy-MM-dd}.%i.log</fileNamePattern>
            <timeBasedFileNamingAndTriggeringPolicy class="ch.qos.logback.core.rolling.SizeAndTimeBasedFNATP">
                <!-- or whenever the file size reaches 100MB -->
                <maxFileSize>100MB</maxFileSize>
            </timeBasedFileNamingAndTriggeringPolicy>
        </rollingPolicy>
        <encoder>
            <pattern>%d{HH:mm:ss.SSS} %-5level %logger{36} - %msg%n</pattern>
        </encoder>
    </appender>
    <appender name="STDOUT" class="ch.qos.logback.core.ConsoleAppender">
        <layout class="ch.qos.logback.classic.PatternLayout">
            <Pattern>%d{HH:mm:ss.SSS} %-5level %logger{36} - %msg%n</Pattern>
        </layout>
    </appender>

    <!-- Loggers -->
    <logger name="org.springframework.core">
        <level value="info" />
    </logger>
    <logger name="org.springframework.beans">
        <level value="info" />
    </logger>
    <logger name="org.springframework.context">
        <level value="info" />
    </logger>
    <logger name="org.springframework.web">
        <level value="info" />
    </logger>

    <root level="info">
        <appender-ref ref="FILE" />
    </root>
</configuration>

