<?xml version="1.0" encoding="UTF-8"?>
<!DOCTYPE mapper PUBLIC "-//mybatis.org//DTD Mapper 3.0//EN" "http://mybatis.org/dtd/mybatis-3-mapper.dtd">

<mapper namespace="com.lgcns.vpa.push.dao.TargetInfoDao">
	
	<resultMap id="targetInfoMap" type="com.lgcns.vpa.push.model.TargetInfo">
		<result property="botId"					column="BOT_ID"/> 
		<result property="targetGroupId"			column="TARGET_GROUP_ID"/>
		<result property="orderNum"					column="ORDER_NUM"/>
		<result property="type"						column="TYPE"/>
		<result property="infoId"					column="INFO_ID"/>
		<result property="infoTeamId"				column="INFO_TEAM_ID"/>
	</resultMap>
	
  	<select id="listTargetInfo" parameterType="String" resultMap="targetInfoMap">
		<![CDATA[
		/* [TargetInfo_SqlMap.xml] com.lgcns.vpa.push.dao.listTargetInfo */
		SELECT	 
				BOT_ID
				,TARGET_GROUP_ID
				,ORDER_NUM
				,TYPE
				,INFO_ID
				,INFO_TEAM_ID
		FROM	IKEP4_VA_TARGET_GROUP_INFO
		WHERE	TARGET_GROUP_ID = #{targetGroupId} AND
				BOT_ID			= #{botId}
		ORDER BY ORDER_NUM
		]]>
	</select>
	
	<select id="isAllEmployee" parameterType="java.util.HashMap" resultType="String">
		<![CDATA[
		/* [TargetInfo_SqlMap.xml] com.lgcns.vpa.push.dao.isAllEmployee */
		SELECT	INFO_ID
		FROM 	IKEP4_VA_TARGET_GROUP_INFO
		WHERE
			BOT_ID 			= #{botId} AND
			TYPE 			= 99
	  	]]>
		<if test="targetGroupIdList != null">
			AND TARGET_GROUP_ID IN 
			<foreach collection="targetGroupIdList" item="item" index="index" separator="," open="(" close=")">
				#{item}
			</foreach>
		</if>
	</select>
	
	
	<select id="getTargetUserList" parameterType="java.util.HashMap" resultType="com.lgcns.vpa.security.user.model.User">
		<![CDATA[
		/* [TargetInfo_SqlMap.xml] com.lgcns.vpa.push.dao.getTargetUserList */
		SELECT
			A.USER_ID
			--,A.PORTAL_ID
			--,A.USER_STATUS
			--,A.EMP_NO
			--,A.MAIL
			,A.USER_NAME
			--,A.USER_ENGLISH_NAME
			--,G.GROUP_ID
			--,G.GROUP_NAME
			--,G.GROUP_ENGLISH_NAME
			--,A.TEAM_NAME
			--,A.TIMEZONE_ID
			,A.JOB_TITLE_CODE
			,JT.JOB_TITLE_NAME
			--,JT.JOB_TITLE_ENGLISH_NAME
			--,A.LEADER
			--,A.LOCALE_CODE
			--,A.ATTR1
			--,A.ATTR2
			--,A.ATTR3
			--,A.ATTR4
			--,A.OFFICE_BASIC_ADDRESS
		FROM 
		  	IKEP4_EV_USER A
		  	INNER JOIN (
			    SELECT 
			    	INFO_ID, 
			    	INFO_TEAM_ID AS GROUP_ID
			    FROM IKEP4_VA_TARGET_GROUP_INFO 
			    WHERE 
			    	BOT_ID 			= #{botId} AND
			    	TYPE 			= 0
		]]>
	     			<if test="targetGroupIdList != null">
							AND TARGET_GROUP_ID IN 
						<foreach collection="targetGroupIdList" item="item" index="index" separator="," open="(" close=")">
							#{item}
						</foreach>
					</if>
		<![CDATA[
		  	) B ON A.USER_ID = B.INFO_ID
		  	INNER JOIN IKEP4_EV_GROUP G ON B.GROUP_ID = G.GROUP_ID
		  	LEFT OUTER JOIN IKEP4_EV_JOB_TITLE JT ON A.JOB_TITLE_CODE = JT.JOB_TITLE_CODE
		WHERE 
			A.USER_STATUS 		= 'C' AND
			A.JOB_CLASS_CODE 	= 'I' AND
			A.ATTR1 			= 'LG01'
		  
		UNION
		  
		SELECT
			A.USER_ID
			--,A.PORTAL_ID
			--,A.USER_STATUS
			--,A.EMP_NO
			--,A.MAIL
			,A.USER_NAME
			--,A.USER_ENGLISH_NAME
			--,G.GROUP_ID
			--,G.GROUP_NAME
			--,G.GROUP_ENGLISH_NAME
			--,A.TEAM_NAME
			--,A.TIMEZONE_ID
			,A.JOB_TITLE_CODE
			,JT.JOB_TITLE_NAME
			--,JT.JOB_TITLE_ENGLISH_NAME
			--,A.LEADER
			--,A.LOCALE_CODE
			--,A.ATTR1
			--,A.ATTR2
			--,A.ATTR3
			--,A.ATTR4
			--,A.OFFICE_BASIC_ADDRESS
		FROM 
			IKEP4_EV_USER A
			INNER JOIN (
				SELECT 
					UG.USER_ID, 
					GI.INFO_ID AS GROUP_ID
			    FROM IKEP4_EV_USER_GROUP UG
			         INNER JOIN (
			            SELECT INFO_ID FROM IKEP4_VA_TARGET_GROUP_INFO 
			            WHERE 
			            	BOT_ID 			= #{botId} AND
			            	TYPE 			= 1
		]]>
			     			<if test="targetGroupIdList != null">
									AND TARGET_GROUP_ID IN 
								<foreach collection="targetGroupIdList" item="item" index="index" separator="," open="(" close=")">
									#{item}
								</foreach>
							</if>
		<![CDATA[
			         ) GI ON UG.GROUP_ID = GI.INFO_ID
				) B ON A.USER_ID = B.USER_ID
			INNER JOIN IKEP4_EV_GROUP G ON G.GROUP_ID = B.GROUP_ID
			LEFT OUTER JOIN IKEP4_EV_JOB_TITLE JT ON A.JOB_TITLE_CODE = JT.JOB_TITLE_CODE
		WHERE 
		  	A.USER_STATUS 		= 'C' AND
			A.JOB_CLASS_CODE 	= 'I' AND
			A.ATTR1 			= 'LG01'
		]]>
	</select>
	
	<select id="getAllTargetUserList" resultType="com.lgcns.vpa.security.user.model.User">
		<![CDATA[
		/* [TargetInfo_SqlMap.xml] com.lgcns.vpa.push.dao.getAllTargetUserList */
		SELECT
			A.USER_ID
			--,A.PORTAL_ID
			--,A.USER_STATUS
			--,A.EMP_NO
			--,A.MAIL
			,A.USER_NAME
			--,A.USER_ENGLISH_NAME
			--,G.GROUP_ID
			--,G.GROUP_NAME
			--,G.GROUP_ENGLISH_NAME
			--,A.TEAM_NAME
			--,A.TIMEZONE_ID
			,A.JOB_TITLE_CODE
			,JT.JOB_TITLE_NAME
			--,JT.JOB_TITLE_ENGLISH_NAME
			--,A.LEADER
			--,A.LOCALE_CODE
			--,A.ATTR1
			--,A.ATTR2
			--,A.ATTR3
			--,A.ATTR4
			--,A.OFFICE_BASIC_ADDRESS
		FROM 
		  	IKEP4_EV_USER A
		  	--INNER JOIN IKEP4_EV_USER_GROUP UG ON A.USER_ID = UG.USER_ID AND UG.REPRESENT_GROUP = 1
		  	--INNER JOIN IKEP4_EV_GROUP G ON UG.GROUP_ID = G.GROUP_ID
		  	LEFT OUTER JOIN IKEP4_EV_JOB_TITLE JT ON A.JOB_TITLE_CODE = JT.JOB_TITLE_CODE
		WHERE 
			A.USER_STATUS 		= 'C' AND
			A.JOB_CLASS_CODE 	= 'I' AND
			A.ATTR1 			= 'LG01'
		]]>
	</select>
</mapper>
