{
	"path":"Result",
	"params" : {
		"DOCID"					: "DOCID",
		"DATE"					: "DATE",
		"ITEM_ID"				: "ITEM_ID",
		"BOARD_ID"				: "BOARD_ID",
		"ITEM_PARENT_ID"		: "ITEM_PARENT_ID",
		"ITEM_GROUP_ID"			: "ITEM_GROUP_ID",
		"STEP"					: "STEP",
		"INDENTATION"			: "INDENTATION",
		"ITEM_SEQ_ID"			: "ITEM_SEQ_ID",
		"ITEM_DISPLAY"			: "ITEM_DISPLAY",
		"TITLE"					: "TITLE",
		"CONTENT"				: "CONTENT",
		"HIT_COUNT"				: "HIT_COUNT",
		"RECOMMEND_COUNT"		: "RECOMMEND_COUNT",
		"REPLY_COUNT"			: "REPLY_COUNT",
		"LINEREPLY_COUNT"		: "LINEREPLY_COUNT",
		"ATTACH_FILE_COUNT"		: "ATTACH_FILE_COUNT",
		"START_DATE"			: "START_DATE",
		"END_DATE"				: "END_DATE",
		"ITEM_DELETE"			: "ITEM_DELETE",
		"REGISTER_DEPT"			: "REGISTER_DEPT",
		"UPDATER_DEPT"			: "UPDATER_DEPT",
		"READ_LIST_PERMISSION"	: "READ_LIST_PERMISSION",
		"READ_ITEM_PERMISSION"	: "READ_ITEM_PERMISSION",
		"EMP_NO"				: "EMP_NO",
		"EMP_NM"				: "EMP_NM",
		"REGIST_DATE"			: "REGIST_DATE",
		"UPDATER_ID"			: "UPDATER_ID",
		"UPDATER_NAME"			: "UPDATER_NAME",
		"UPDATE_DATE"			: "UPDATE_DATE",
		"MAIL_COUNT"			: "MAIL_COUNT",
		"MBLOG_COUNT"			: "MBLOG_COUNT",
		"IMAGE_FILE_ID"			: "IMAGE_FILE_ID",
		"BOARD_NAME"			: "BOARD_NAME",
		"CATEGORY"				: "CATEGORY",
		"ATTACH_NAME"			: "ATTACH_NAME",
		"ATTACH"				: "ATTACH",
		"ALIAS"					: "ALIAS"

	}
}