{
	"path":"Result",
	"params" : {
		"DOCID"				: "DOCID",
		"DATE"				: "DATE",
		"DOC_ID"			: "DOC_ID",
		"TITLE"				: "TITLE",
		"CONTENT"			: "CONTENT",
		"SHARE_TYPE"		: "SHARE_TYPE",
		"SEC_GRADE"			: "SEC_GRADE",
		"EMP_NO"			: "EMP_NO",
		"EMP_NM"			: "EMP_NM",
		"LST_UPDATE"		: "LST_UPDATE",
		"CL_NM"				: "CL_NM",
		"SEC_CD"			: "SEC_CD",
		"FILE_ID"			: "FILE_ID",
		"FILE_NAME"			: "FILE_NAME",
		"FILE_PATH"			: "FILE_PATH",
		"ATTACH"			: "ATTACH",
		"SHARE_CD"			: "SHARE_CD",
		"CL_TYPE_CD"		: "CL_TYPE_CD",
		"CL_TYPE"			: "CL_TYPE",
		"CORP_CD"			: "CORP_CD",
		"PREVIEW_FG"		: "PREVIEW_FG",
		"PRE_URL"			: "PRE_URL",
		"URL"				: "URL",
		"AUTH01"			: "AUTH01",
		"AUTH02"			: "AUTH02",
		"AUTH03"			: "AUTH03",
		"ALIAS"				: "ALIAS",
		"baseUrl"			: "baseUrl"
	}
}