{
	"path":"Result",
	"params" : {
		"DOCID"					: "DOCID",
		"DATE"					: "DATE",
		"SRC_DOC_ID"			: "SRC_DOC_ID",
		"SEARCH_KEY_ID"			: "SEARCH_KEY_ID",
		"TITLE"					: "TITLE",
		"CONTENT"				: "CONTENT",
		"EMP_NO"				: "EMP_NO",
		"EMP_NM"				: "EMP_NM",
		"REG_EMP_TITLE"			: "REG_EMP_TITLE",
		"UPT_DATE"				: "UPT_DATE",
		"JULCH_FILE_NM"			: "JULCH_FILE_NM",
		"WBS_FILE_NM"			: "WBS_FILE_NM",
		"TEMPLATE_FILE_NM"		: "TEMPLATE_FILE_NM",
		"OUTPUT_FILE_NM"		: "OUTPUT_FILE_NM",
		"OUTPUT_REL_FILE_NM"	: "OUTPUT_REL_FILE_NM",
		"GUIDE_FILE_NM"			: "GUIDE_FILE_NM",
		"CHKLST_FILE_NM"		: "CHKLST_FILE_NM",
		"JEAN_FILE_NM"			: "JEAN_FILE_NM",
		"DISPLAY_VERSION"		: "DISPLAY_VERSION",
		"ALIAS"					: "ALIAS",
		"URL"					: "URL"
	}
}