{
	"path":"Result",
	"params" : {
		"intentId"  : "INT19c0a50f568042bb80f6a3c6f919de82",
		"userId" 	: "EMP_ID",
		"userName" 	: "EMP_NM",
		"leader"    : "LEADER",
		"jobTitleName" : "JOB_TITLE_NAME",
		"groupName" : "GROUP_NAME",
		"groupFullName" : "GROUP_ALL_NAME",
		"groupId" 	: "GROUP_ID",
		"officePhoneNo" : "OFFICE_PHONE_NO",
		"mail"		: "MAIL",
		"mobile" 	: "MOBILE",
		"corpCode"  : "CORP_CODE",
		"empType"   : "EMP_TYPE",
		"corpType"  : "CORP_TYPE_CODE",
		"jobTitleEnglishName" : "JOB_TITLE_ENGLISH_NAME"
	}
}