<?xml version="1.0" encoding="UTF-8"?>
<!DOCTYPE mapper PUBLIC "-//mybatis.org//DTD Mapper 3.0//EN" "http://mybatis.org/dtd/mybatis-3-mapper.dtd">

<mapper namespace="com.lgcns.vpa.push.dao.UserAutoRunDao">
	
	<resultMap id="userAutoRunMap" type="com.lgcns.vpa.push.model.UserAutoRun">
		
		<result property="userAutoRunId"		column="USER_AUTORUN_ID"/>
		<result property="botId"				column="BOT_ID"/> 
		<result property="userId"				column="USER_ID"/>
		<result property="intentId"				column="INTENT_ID"/>
		<result property="inquiry"				column="INQUIRY"/>
		<result property="parameter"			column="PARAMETER"/>
		<result property="cronExpression"		column="CRON_EXPRESSION"/>
		<result property="repeatDay"			column="REPEAT_DAY"/>
		<result property="repeatTime"			column="REPEAT_TIME"/>
		<result property="resultStatus"			column="RESULT_STATUS"/>
		<result property="processStatus"		column="PROCESS_STATUS"/>
		<result property="nextRunTime"			column="NEXT_RUNTIME"/>
		<result property="lastRunDate"			column="LAST_RUNDATE"/>
		<result property="registerId"			column="REGISTER_ID"/>
		<result property="registerName"			column="REGISTER_NAME"/>
		<result property="registDate"			column="REGIST_DATE"/>
		<result property="updaterId"			column="UPDATER_ID"/>
		<result property="updaterName"			column="UPDATER_NAME"/>
		<result property="updateDate"			column="UPDATE_DATE"/>
		
	</resultMap>
	
	<resultMap id="autoRunConfigMap" type="com.lgcns.vpa.push.model.UserAutoRunConfig">
		<result property="autoRunConfigId"		column="AUTORUN_CONFIG_ID"/>
		<result property="botId"				column="BOT_ID"/> 
		<result property="useYn"				column="USE_YN"/>
		<result property="startTime"			column="START_TIME"/>
		<result property="endTime"				column="END_TIME"/>
		<result property="registerId"			column="REGISTER_ID"/>
		<result property="registerName"			column="REGISTER_NAME"/>
		<result property="registDate"			column="REGIST_DATE"/>
		<result property="updaterId"			column="UPDATER_ID"/>
		<result property="updaterName"			column="UPDATER_NAME"/>
		<result property="updateDate"			column="UPDATE_DATE"/>
	</resultMap>
	
  	<select id="list" parameterType="String" resultMap="userAutoRunMap">
		<![CDATA[
		/* [UserAutoRun_SqlMap.xml] com.lgcns.vpa.push.dao.list */
		SELECT	 
				USER_AUTORUN_ID
				,USER_ID
				,BOT_ID
				,INTENT_ID
				,INQUIRY
				,PARAMETER
				,CRON_EXPRESSION
				,REPEAT_DAY
				,REPEAT_TIME
				,RESULT_STATUS
				,PROCESS_STATUS
				,NEXT_RUNTIME
				,LAST_RUNDATE
				,REGISTER_ID
				,REGISTER_NAME
				,REGIST_DATE
				,UPDATER_ID
				,UPDATER_NAME
				,UPDATE_DATE
		FROM	IKEP4_VA_USER_AUTORUN WITH (NOLOCK)
		WHERE	USER_ID 		= #{userId} AND
				BOT_ID			= #{botId}
		ORDER BY REGIST_DATE
		]]>
	</select>
	
	<select id="listAllRunning" parameterType="String" resultMap="userAutoRunMap">
		<![CDATA[
		/* [UserAutoRun_SqlMap.xml] com.lgcns.vpa.push.dao.listAllRunning */
		SELECT	 
				USER_AUTORUN_ID
				,USER_ID
				,BOT_ID
				,INTENT_ID
				,INQUIRY
				,PARAMETER
				,CRON_EXPRESSION
				,REPEAT_DAY
				,REPEAT_TIME
				,RESULT_STATUS
				,PROCESS_STATUS
				,NEXT_RUNTIME
				,LAST_RUNDATE
				,REGISTER_ID
				,REGISTER_NAME
				,REGIST_DATE
				,UPDATER_ID
				,UPDATER_NAME
				,UPDATE_DATE
		FROM	IKEP4_VA_USER_AUTORUN WITH (NOLOCK)
		WHERE	BOT_ID			= #{botId} AND
				PROCESS_STATUS  = 1
		]]>
	</select>
	
	<select id="retrieve" parameterType="String" resultMap="userAutoRunMap">
		<![CDATA[
		/* [UserAutoRun_SqlMap.xml] com.lgcns.vpa.push.dao.retrieve */
		SELECT	 
				USER_AUTORUN_ID
				,USER_ID
				,BOT_ID
				,INTENT_ID
				,INQUIRY
				,PARAMETER
				,CRON_EXPRESSION
				,REPEAT_DAY
				,REPEAT_TIME
				,RESULT_STATUS
				,PROCESS_STATUS
				,NEXT_RUNTIME
				,LAST_RUNDATE
				,REGISTER_ID
				,REGISTER_NAME
				,REGIST_DATE
				,UPDATER_ID
				,UPDATER_NAME
				,UPDATE_DATE
		FROM	IKEP4_VA_USER_AUTORUN WITH (NOLOCK)
		WHERE	USER_AUTORUN_ID	= #{userAutoRunId} AND
				BOT_ID			= #{botId}
		]]>
	</select>
		
	<select id="listFireTarget" parameterType="java.util.HashMap" resultMap="userAutoRunMap">
		<![CDATA[
		/* [UserAutoRun_SqlMap.xml] com.lgcns.vpa.push.dao.listFireTarget */
		SELECT	 
				USER_AUTORUN_ID
				,USER_ID
				,BOT_ID
				,INTENT_ID
				,INQUIRY
				,PARAMETER
				,CRON_EXPRESSION
				,REPEAT_DAY
				,REPEAT_TIME
				,RESULT_STATUS
				,PROCESS_STATUS
				,NEXT_RUNTIME
				,LAST_RUNDATE
				,REGISTER_ID
				,REGISTER_NAME
				,REGIST_DATE
				,UPDATER_ID
				,UPDATER_NAME
				,UPDATE_DATE
		FROM	IKEP4_VA_USER_AUTORUN WITH (NOLOCK)
		WHERE	BOT_ID			= #{botId} AND
				PROCESS_STATUS	= 0 AND
				NEXT_RUNTIME	<= #{nextRunTimeEnd} 
		ORDER BY USER_ID
		]]>
	</select>
	
	<update id="updateProcessStatusFireTarget" parameterType="java.util.HashMap">
  		<![CDATA[
			/* [UserAutoRun_SqlMap.xml] com.lgcns.vpa.push.dao.updateProcessStatusFireTarget */
	  		UPDATE	IKEP4_VA_USER_AUTORUN SET 
  				 UPDATE_DATE 	= GETDATE()
  				,UPDATER_ID 	= #{updaterId}
  				,UPDATER_NAME 	= #{updaterName}
  				,PROCESS_STATUS = #{processStatus}
	  		WHERE	
	  			BOT_ID			= #{botId} AND
				PROCESS_STATUS	= 0 AND
				NEXT_RUNTIME	<= #{nextRunTimeEnd} 
		]]>
  	</update>
	
	<insert id="create" parameterType="com.lgcns.vpa.push.model.UserAutoRun">
        <![CDATA[
            /* [UserAutoRun_SqlMap.xml] com.lgcns.vpa.push.dao.create */
            INSERT INTO IKEP4_VA_USER_AUTORUN
            (
                USER_AUTORUN_ID
				,USER_ID
				,BOT_ID
				,INTENT_ID
				,INQUIRY
				,PARAMETER
				,CRON_EXPRESSION
				,REPEAT_DAY
				,REPEAT_TIME
				,RESULT_STATUS
				,PROCESS_STATUS
				,NEXT_RUNTIME
				,REGISTER_ID
				,REGISTER_NAME
				,REGIST_DATE
				,UPDATER_ID
				,UPDATER_NAME
				,UPDATE_DATE
            )
            VALUES
            (
               	#{userAutoRunId}
				,#{userId}
				,#{botId}
				,#{intentId}
				,#{inquiry}
				,#{parameter}
				,#{cronExpression}
				,#{repeatDay}
				,#{repeatTime}
				,#{resultStatus}
				,#{processStatus}
				,#{nextRunTime}
                ,#{registerId}
                ,#{registerName}
                ,GETDATE()
                ,#{updaterId}
                ,#{updaterName}
                ,GETDATE()
            );
             INSERT INTO IKEP_SEQUENCE VALUES('IKEP4_VA_USER_AUTORUN'); 
        ]]>
    </insert>
    
    <delete id="delete" parameterType="String">
        <![CDATA[
            /* [UserAutoRun_SqlMap.xml] com.lgcns.vpa.push.dao.delete */
            DELETE FROM IKEP4_VA_USER_AUTORUN
            WHERE	
            	USER_AUTORUN_ID	= #{userAutoRunId} AND
				BOT_ID			= #{botId}
        ]]>
    </delete>
    
    <update id="updateResultStatus" parameterType="com.lgcns.vpa.push.model.UserAutoRun">
  		<![CDATA[
			/* [UserAutoRun_SqlMap.xml] com.lgcns.vpa.push.dao.updateResultStatus */
	  		UPDATE	IKEP4_VA_USER_AUTORUN SET 
  				 UPDATE_DATE 	= GETDATE()
  				,UPDATER_ID 	= #{updaterId}
  				,UPDATER_NAME 	= #{updaterName}
  				,RESULT_STATUS 	= #{resultStatus}
  				,PROCESS_STATUS = #{processStatus}
  				,NEXT_RUNTIME   = #{nextRunTime}
				,LAST_RUNDATE	= GETDATE()
	  		WHERE	
	  			USER_AUTORUN_ID	= #{userAutoRunId} AND
				BOT_ID			= #{botId}
		]]>
  	</update>
  	
  	<select id="listUserAutoRunConfig" parameterType="String" resultMap="autoRunConfigMap">
		<![CDATA[
		/* [UserAutoRun_SqlMap.xml] com.lgcns.vpa.push.dao.listUserAutoRunConfig */
		SELECT	 
				AUTORUN_CONFIG_ID
				,BOT_ID
				,USE_YN
				,START_TIME
				,END_TIME
				,REGISTER_ID
				,REGISTER_NAME
				,REGIST_DATE
				,UPDATER_ID
				,UPDATER_NAME
				,UPDATE_DATE
		FROM	IKEP4_VA_USER_AUTORUN_CONFIG WITH (NOLOCK)
		WHERE	BOT_ID			= #{botId} AND
				USE_YN			= 1
		ORDER BY START_TIME, END_TIME
		]]>
	</select>
</mapper>
