<?xml version="1.0" encoding="UTF-8"?>
<!DOCTYPE mapper PUBLIC "-//mybatis.org//DTD Mapper 3.0//EN" "http://mybatis.org/dtd/mybatis-3-mapper.dtd">

<mapper namespace="com.lgcns.vpa.channel.dao.BotDao">
    <select id="selectBotDetail" resultType="com.lgcns.vpa.channel.model.Bot">
        <![CDATA[
            /* [Bot_SqlMap.xml] com.lgcns.vpa.channel.restful.dao.BotDao.selectBotDetail */
            SELECT A.BOT_ID
                  ,A.PORTAL_ID
                  ,A.DAP_BOT_ID
                  ,A.BOT_NAME
                  ,A.BOT_ENGLISH_NAME
                  ,A.USE_YN
                  ,A.DEFAULT_YN
                  ,A.DESCRIPTION
                  ,A.SMALL_ICON_URL
                  ,A.ICON_URL
                  ,A.DAP_NLU_SERVICE
                  ,A.INFERENCE_MIN_SCORE
                  ,A.INFERENCE_SCORE_RANGE
                  ,A.INFERENCE_CUT_SCORE
                  ,A.UPDATE_DATE
              FROM IKEP4_VA_BOT A  WITH (NOLOCK)
             WHERE 1=1
              AND BOT_ID = #{botId}
               		 AND USE_YN = 'Y'
              ]]>
    </select>
    <select id="selectDefaultBotDetail" resultType="com.lgcns.vpa.channel.model.Bot">
        <![CDATA[
            /* [Bot_SqlMap.xml] com.lgcns.vpa.channel.restful.dao.BotDao.selectDefaultBotDetail */
            SELECT TOP 1
                   A.BOT_ID
                  ,A.PORTAL_ID
                  ,A.BOT_NAME
                  ,A.BOT_ENGLISH_NAME
                  ,A.USE_YN
                  ,A.DEFAULT_YN
                  ,A.DESCRIPTION
                  ,A.SMALL_ICON_URL
                  ,A.ICON_URL
                  ,A.INFERENCE_MIN_SCORE
                  ,A.INFERENCE_SCORE_RANGE
                  ,A.INFERENCE_CUT_SCORE
              FROM IKEP4_VA_BOT A  WITH (NOLOCK)
             WHERE A. DEFAULT_YN = 'Y'
        ]]>
    </select>
    
     <select id="selectDemoBotDetail" resultType="com.lgcns.vpa.channel.model.Bot">
        <![CDATA[
            /* [Bot_SqlMap.xml] com.lgcns.vpa.channel.restful.dao.BotDao.selectDemoBotDetail */
            SELECT A.BOT_ID
                  ,A.PORTAL_ID
                  ,A.BOT_NAME
                  ,A.BOT_ENGLISH_NAME
                  ,A.USE_YN
                  ,A.DEFAULT_YN
                  ,A.DESCRIPTION
                  ,A.SMALL_ICON_URL
                  ,A.ICON_URL
                  ,A.INFERENCE_MIN_SCORE
                  ,A.INFERENCE_SCORE_RANGE
                  ,A.INFERENCE_CUT_SCORE
              FROM IKEP4_VA_BOT A  WITH (NOLOCK)
             WHERE A.BOT_ID='120000080032'
        ]]>
    </select>
    
    
     <select id="selectUserBotDetail"   parameterType="string" resultType="com.lgcns.vpa.channel.model.Bot">
        <![CDATA[
            /* [Bot_SqlMap.xml] com.lgcns.vpa.channel.restful.dao.BotDao.selectUserBotDetail */
            SELECT A.USER_ID
					,A.DEFAULT_BOT_ID
					,B.BOT_ID
					,B.PORTAL_ID
					,B.BOT_NAME
					,B.BOT_ENGLISH_NAME
					,B.USE_YN
					,B.DEFAULT_YN
					,B.DESCRIPTION
					,B.SMALL_ICON_URL
					,B.ICON_URL
					,B.INFERENCE_MIN_SCORE
					,B.INFERENCE_SCORE_RANGE
					,B.INFERENCE_CUT_SCORE
				  FROM IKEP4_EV_USER A  WITH (NOLOCK)
				  LEFT OUTER JOIN IKEP4_VA_BOT B  WITH (NOLOCK)
			                ON A.DEFAULT_BOT_ID = B.BOT_ID
				  WHERE A.USER_ID= #{userId}
        ]]>
    </select>
    
    <select id="selectBotList" resultType="com.lgcns.vpa.channel.model.Bot">
        <![CDATA[
            /* [Bot_SqlMap.xml] com.lgcns.vpa.channel.restful.dao.BotDao.selectBotList */
            SELECT BOT_ID
                  ,PORTAL_ID
                  ,BOT_NAME
                  ,BOT_ENGLISH_NAME
                  ,USE_YN
                  ,DEFAULT_YN
                  ,DESCRIPTION
                  ,SMALL_ICON_URL
                  ,ICON_URL
                  ,REGISTER_ID
                  ,REGISTER_NAME
                  ,REGIST_DATE
                  ,UPDATER_ID
                  ,UPDATER_NAME
                  ,UPDATE_DATE
             FROM IKEP4_VA_BOT A  WITH (NOLOCK)
            WHERE 1 = 1
        ]]>
    </select>
    <select id="selectBotMessageList" parameterType="string" resultType="com.lgcns.vpa.channel.model.BotMessage">
      <![CDATA[
            /* [Bot_SqlMap.xml] com.lgcns.vpa.channel.restful.dao.BotDao.selectBotMessage */
            SELECT BOT_ID
                  ,MESSAGE_ID
                  ,MESSAGE
                  ,ENGLISH_MESSAGE                           
                  ,MESSAGE_TYPE
                  ,WEATHER_TYPE
                  ,TIME_TYPE                                                                            
             FROM IKEP4_VA_BOT_MESSAGE  WITH (NOLOCK)
            WHERE BOT_ID = #{botId}
              AND MESSAGE_TYPE = 'INTENT_NONE'
      ]]>
    </select>
    <select id="selectRandomBotMessageByType" parameterType="com.lgcns.vpa.channel.model.BotMessage" resultType="com.lgcns.vpa.channel.model.BotMessage">
        <![CDATA[
            /* [Bot_SqlMap.xml] com.lgcns.vpa.channel.restful.dao.BotDao.selectRandomBotMessageByType */
	        SELECT TOP 1 
	              BOT_ID
	              ,MESSAGE_ID
	              ,MESSAGE
	              ,ENGLISH_MESSAGE                           
	              ,MESSAGE_TYPE
	              ,WEATHER_TYPE
	              ,TIME_TYPE                                                                            
	         FROM IKEP4_VA_BOT_MESSAGE  WITH (NOLOCK)
	        WHERE BOT_ID = #{botId}
	          AND MESSAGE_TYPE = #{messageType}
	          AND (
	                isNull(TIME_TYPE, 'ALL') = CASE WHEN CONVERT(VARCHAR(5), GETDATE(), 8) BETWEEN '06:00' AND '11:00' THEN 'AM' 
	                                             WHEN CONVERT(VARCHAR(5), GETDATE(), 8) BETWEEN '12:00' AND '16:00' THEN 'PM'
	                                             ELSE 'ALL' END
	                OR 
	                isNull(TIME_TYPE, 'ALL') = 'ALL'
	              )                        
        ]]>
        <if test="weatherType != null">
        <![CDATA[
             AND WEATHER_TYPE = #{weatherType}
        ]]>
        </if>
        <![CDATA[
        	ORDER BY NEWID()
        ]]>
    </select>
    <select id="selectBotMessageListByType" parameterType="string" resultType="com.lgcns.vpa.channel.model.BotMessage">
      <![CDATA[
            /* [Bot_SqlMap.xml] com.lgcns.vpa.channel.restful.dao.BotDao.selectBotMessageListByType */
            SELECT BOT_ID
                  ,MESSAGE_ID
                  ,MESSAGE
                  ,ENGLISH_MESSAGE                           
                  ,MESSAGE_TYPE
                  ,WEATHER_TYPE
                  ,TIME_TYPE                                                                            
             FROM IKEP4_VA_BOT_MESSAGE  WITH (NOLOCK)
            WHERE BOT_ID = #{botId}
              AND MESSAGE_TYPE = #{messageType}
      ]]>
    </select>
</mapper>

