<?xml version="1.0" encoding="UTF-8"?>
<!DOCTYPE mapper PUBLIC "-//mybatis.org//DTD Mapper 3.0//EN" "http://mybatis.org/dtd/mybatis-3-mapper.dtd">

<mapper namespace="com.lgcns.vpa.channel.dao.ConfigDao">
    <select id="selectPushConfig" resultType="com.lgcns.vpa.channel.model.config.PushConfig">
        <![CDATA[
            /* [Config_SqlMap.xml] com.lgcns.vpa.channel.client.dao.ConfigDao.selectPushConfig */
            SELECT A.BOT_ID
                  ,B.USER_ID
                  ,A.PUSH_ID
                  ,A.PUSH_NAME
                  ,A.PUSH_ENGLISH_NAME
                  ,isNull(isNull(B.USE_YN, A.DEFAULT_USE_YN), 'Y') AS USE_YN
                  ,A.DEFAULT_USE_YN
                  ,A.PUSH_TYPE_CODE
                  ,A.DISPLAY_DESCRIPTION
                  ,A.DISPLAY_ENGLISH_DESCRIPTION
                  ,A.DISPLAY_YN
                  ,A.DESCRIPTION
                  ,A.SYSTEM_CODE
                  ,A.WORKER_NAME
                  ,A.ACTION_ID
                  ,A.ACTION_NAME
                  ,B.REGISTER_ID
                  ,B.REGISTER_NAME
                  ,B.REGIST_DATE
                  ,B.UPDATER_ID
                  ,B.UPDATER_NAME
                  ,B.UPDATE_DATE
                  ,C.LOCALE_CODE
              FROM IKEP4_VA_PUSH A  WITH (NOLOCK)
              LEFT OUTER JOIN IKEP4_VA_PUSH_CONFIG B  WITH (NOLOCK)
                ON A.PUSH_ID = B.PUSH_ID
               AND B.USER_ID = #{userId}
              LEFT OUTER JOIN IKEP4_EV_USER C
                ON B.USER_ID = C.USER_ID
               AND C.USER_STATUS = 'C'
             WHERE A.PUSH_ID = #{pushId}
        ]]>
    </select>
    <select id="selectPushConfigList" resultType="com.lgcns.vpa.channel.model.config.PushConfig" parameterType="com.lgcns.vpa.channel.model.config.PushConfig">
        <![CDATA[
            /* [Config_SqlMap.xml] com.lgcns.vpa.channel.client.dao.ConfigDao.selectPushConfigList */
            SELECT A.BOT_ID
                  ,B.USER_ID
                  ,A.PUSH_ID
                  ,A.PUSH_NAME
                  ,A.PUSH_ENGLISH_NAME
                  ,isNull(isNull(B.USE_YN, A.DEFAULT_USE_YN), 'Y') AS USE_YN
                  ,A.DEFAULT_USE_YN
                  ,A.PUSH_TYPE_CODE
                  ,A.DISPLAY_DESCRIPTION
                  ,A.DISPLAY_ENGLISH_DESCRIPTION
                  ,A.DISPLAY_YN
                  ,A.DESCRIPTION
                  ,A.SYSTEM_CODE
                  ,A.WORKER_NAME
                  ,A.ACTION_ID
                  ,A.ACTION_NAME
                  ,A.ACTION_URI
                  ,B.REGISTER_ID
                  ,B.REGISTER_NAME
                  ,B.REGIST_DATE
                  ,B.UPDATER_ID
                  ,B.UPDATER_NAME
                  ,B.UPDATE_DATE
              FROM IKEP4_VA_PUSH A  WITH (NOLOCK)
              LEFT OUTER JOIN IKEP4_VA_PUSH_CONFIG B  WITH (NOLOCK)
                ON A.PUSH_ID = B.PUSH_ID
               AND B.USER_ID = #{userId}
             WHERE A.BOT_ID = #{botId}
        ]]>
        <if test="pushTypeCode != null and !'ALL'.equals(pushTypeCode)">
            <![CDATA[
                AND A.PUSH_TYPE_CODE = #{pushTypeCode}
            ]]>
        </if>
        <if test="displayYn != null and !''.equals(displayYn)">
            <![CDATA[
                AND A.DISPLAY_YN = #{displayYn}
            ]]>
        </if>
        <if test="pushId != null">
            <![CDATA[
                AND A.PUSH_ID = #{pushId}
            ]]>
        </if>
        <![CDATA[
               AND A.USE_YN = 'Y'
             ORDER BY A.PUSH_TYPE_CODE, A.SORT_ORDER
        ]]>
    </select>
    <select id="isUserNeedToCreatePushConfig" resultType="Boolean">
        <![CDATA[
            /* [Config_SqlMap.xml] com.lgcns.vpa.channel.client.dao.ConfigDao.isUserCreatePushConfig */
            SELECT CASE WHEN COUNT(A.PUSH_ID) > COUNT(B.PUSH_ID) THEN 1 ELSE 0 END
              FROM IKEP4_VA_PUSH A  WITH (NOLOCK)
              LEFT OUTER JOIN IKEP4_VA_PUSH_CONFIG B  WITH (NOLOCK)
                ON A.PUSH_ID = B.PUSH_ID
               AND B.USER_ID = #{userId}
             WHERE A.BOT_ID = #{botId}
               AND A.USE_YN = 'Y'
               AND A.DISPLAY_YN = 'Y'
        ]]>
    </select>
    <insert id="insertPushConfig" parameterType="com.lgcns.vpa.channel.model.config.PushConfig">
        <![CDATA[
            /* [Config_SqlMap.xml] com.lgcns.vpa.channel.client.dao.ConfigDao.insertPushConfig */
            INSERT INTO IKEP4_VA_PUSH_CONFIG
            (
                USER_ID
               ,PUSH_ID
               ,USE_YN
               ,REGISTER_ID
               ,REGISTER_NAME
               ,REGIST_DATE
               ,UPDATER_ID
               ,UPDATER_NAME
               ,UPDATE_DATE
            )
            VALUES
            (
                #{userId}
               ,#{pushId}
               ,#{useYn}
               ,#{registerId}
               ,#{registerName}
               ,GETDATE()
               ,#{updaterId}
               ,#{updaterName}
               ,GETDATE()
            );
        ]]>
    </insert>
    <insert id="createPushConfig" parameterType="String">
        <![CDATA[
            /* [Config_SqlMap.xml] com.lgcns.vpa.channel.client.dao.ConfigDao.createPushConfig */
            INSERT INTO IKEP4_VA_PUSH_CONFIG
            (
                USER_ID
               ,PUSH_ID
               ,USE_YN
               ,REGISTER_ID
               ,REGISTER_NAME
               ,REGIST_DATE
               ,UPDATER_ID
               ,UPDATER_NAME
               ,UPDATE_DATE
            )
            SELECT #{userId}
                  ,A.PUSH_ID
                  ,isNull(A.DEFAULT_USE_YN, 'Y')
                  ,#{userId}
                  ,#{userId}
                  ,GETDATE()
                  ,#{userId}
                  ,#{userId}
                  ,GETDATE()
              FROM IKEP4_VA_PUSH A  WITH (NOLOCK)
             WHERE A.BOT_ID = #{botId}
               AND A.USE_YN = 'Y'
               AND A.DISPLAY_YN = 'Y'
               AND NOT EXISTS ( SELECT 1
                                  FROM IKEP4_VA_PUSH_CONFIG AA  WITH (NOLOCK)
                                 WHERE AA.USER_ID = #{userId}
                                   AND AA.PUSH_ID = A.PUSH_ID )
        ]]>
    </insert>
    <delete id="deletePushConfigsByBotId">
        <![CDATA[
            /* [Config_SqlMap.xml] com.lgcns.vpa.channel.client.dao.ConfigDao.deletePushConfigsByBotId */
            DELETE FROM IKEP4_VA_PUSH_CONFIG
              WHERE USER_ID = #{userId}
                AND EXISTS ( SELECT 1
                               FROM IKEP4_VA_PUSH B WITH (NOLOCK)
                              WHERE B.PUSH_ID = PUSH_ID
                                AND B.DISPLAY_YN = 'Y'
                                AND B.BOT_ID = #{botId} )
        ]]>
    </delete>
    <select id="selectPushConfigPropertyList" resultType="com.lgcns.vpa.channel.model.config.PushConfigProperty">
        <![CDATA[
            /* [Config_SqlMap.xml] com.lgcns.vpa.channel.client.dao.ConfigDao.selectPushConfigPropertyList */
            SELECT A.PUSH_ID
             	  ,A.ACTION_URI
                  ,B.PROPERTY_ID
                  ,B.PARENT_PROPERTY_ID
                  ,B.PROPERTY_CODE
                  ,C.USER_ID
                  ,B.PROPERTY_LABEL
                  ,B.PROPERTY_ENGLISH_LABEL
                  ,isNull(C.PROPERTY_VALUE, B.DEFAULT_PROPERTY_VALUE) AS PROPERTY_VALUE
                  ,B.DEFAULT_PROPERTY_VALUE
                  ,B.FORM_TYPE_CODE
                  ,C.UPDATE_DATE
              FROM IKEP4_VA_PUSH A  WITH (NOLOCK)
             INNER JOIN IKEP4_VA_PUSH_PROPERTY B  WITH (NOLOCK)
                ON A.PUSH_ID = B.PUSH_ID
              LEFT OUTER JOIN IKEP4_VA_PUSH_PROPERTY_CONFIG C  WITH (NOLOCK)
                ON B.PROPERTY_ID = C.PROPERTY_ID
               AND C.USER_ID = #{userId}
             WHERE A.PUSH_ID = #{pushId}
             ORDER BY B.SORT_ORDER
        ]]>
    </select>
    <insert id="insertPushConfigProperty" parameterType="com.lgcns.vpa.channel.model.config.PushConfigProperty">
        <![CDATA[
            /* [Config_SqlMap.xml] com.lgcns.vpa.channel.client.dao.ConfigDao.insertPushConfigProperty */
            INSERT INTO IKEP4_VA_PUSH_PROPERTY_CONFIG
            (
                USER_ID
               ,PROPERTY_ID
               ,PROPERTY_VALUE
               ,REGISTER_ID
               ,REGISTER_NAME
               ,REGIST_DATE
               ,UPDATER_ID
               ,UPDATER_NAME
               ,UPDATE_DATE
            )
            VALUES
            (
                #{userId}
               ,#{propertyId}
               ,#{propertyValue}
               ,#{registerId}
               ,#{registerName}
               ,GETDATE()
               ,#{updaterId}
               ,#{updaterName}
               ,GETDATE()
            )
        ]]>
    </insert>
    
    <insert id="insertPushConfigPropertyNew" parameterType="com.lgcns.vpa.channel.model.config.PushConfigProperty">
     <foreach separator=" ; " item="item" collection="list" open="" close="">
	            INSERT INTO IKEP4_VA_PUSH_PROPERTY_CONFIG
	            (
	                USER_ID
	               ,PROPERTY_ID
	               ,PROPERTY_VALUE
	               ,REGISTER_ID
	               ,REGISTER_NAME
	               ,REGIST_DATE
	               ,UPDATER_ID
	               ,UPDATER_NAME
	               ,UPDATE_DATE
	            )
	            VALUES
	           
	            (
	                #{item.userId}
	               ,#{item.propertyId}
	               ,#{item.propertyValue}
	               ,#{item.registerId}
	               ,#{item.registerName}
	               ,GETDATE()
	               ,#{item.updaterId}
	               ,#{item.updaterName}
	               ,GETDATE()
	            )
	        </foreach>
    </insert>
    
    <insert id="createPushConfigProperty" parameterType="String">
        <![CDATA[
            /* [Config_SqlMap.xml] com.lgcns.vpa.channel.client.dao.ConfigDao.createPushConfigProperty */
            INSERT INTO IKEP4_VA_PUSH_PROPERTY_CONFIG
            (
                USER_ID
               ,PROPERTY_ID
               ,PROPERTY_VALUE
               ,REGISTER_ID
               ,REGISTER_NAME
               ,REGIST_DATE
               ,UPDATER_ID
               ,UPDATER_NAME
               ,UPDATE_DATE
            )
            SELECT #{userId}
                  ,B.PROPERTY_ID
                  ,B.DEFAULT_PROPERTY_VALUE
                  ,#{userId}
                  ,#{userId}
                  ,GETDATE()
                  ,#{userId}
                  ,#{userId}
                  ,GETDATE()
              FROM IKEP4_VA_PUSH A WITH (NOLOCK)
             INNER JOIN IKEP4_VA_PUSH_PROPERTY B WITH (NOLOCK)
                ON A.PUSH_ID = B.PUSH_ID
             WHERE A.BOT_ID = #{botId}
               AND A.USE_YN = 'Y'
               AND A.DISPLAY_YN = 'Y'
               AND B.FORM_TYPE_CODE <> 'GORUP'
               AND NOT EXISTS ( SELECT 1
                                  FROM IKEP4_VA_PUSH_PROPERTY_CONFIG AA WITH (NOLOCK)
                                 WHERE AA.USER_ID = #{userId}
                                   AND AA.PROPERTY_ID = B.PROPERTY_ID )
        ]]>
    </insert>
    <delete id="deletePushConfigPropertyByPushId">
        <![CDATA[
            /* [Config_SqlMap.xml] com.lgcns.vpa.channel.client.dao.ConfigDao.deletePushConfigPropertyByPushId */
            DELETE FROM IKEP4_VA_PUSH_PROPERTY_CONFIG 
             WHERE USER_ID = #{userId}
               AND EXISTS ( SELECT 1
                              FROM IKEP4_VA_PUSH_PROPERTY B WITH (NOLOCK)
                             WHERE B.PROPERTY_ID = PROPERTY_ID
                               AND B.PUSH_ID = #{pushId} )
        ]]>
    </delete>
    
     <delete id="deletePushConfigPropertyByUserId">
        <![CDATA[
            /* [Config_SqlMap.xml] com.lgcns.vpa.channel.client.dao.ConfigDao.deletePushConfigPropertyByUserId */
            DELETE FROM IKEP4_VA_PUSH_PROPERTY_CONFIG 
             WHERE USER_ID = #{userId}
        ]]>
    </delete>
    <select id="selectPushPropertyValueList" resultType="com.lgcns.vpa.channel.model.config.PushConfigPropertyValue">
        <![CDATA[
            /* [Config_SqlMap.xml] com.lgcns.vpa.channel.client.dao.ConfigDao.selectPushPropertyValueList */
            SELECT A.PUSH_ID
                  ,A.PROPERTY_ID
                  ,A.PROPERTY_NAME
                  ,A.DESCRIPTION
                  ,B.PROPERTY_VALUE
                  ,B.LABEL
                  ,B.ENGLISH_LABEL
                  ,B.SORT_ORDER
              FROM IKEP4_VA_PUSH_PROPERTY A WITH (NOLOCK)
             INNER JOIN IKEP4_VA_PUSH_PROPERTY_VALUE B WITH (NOLOCK)
                ON A.PROPERTY_ID = B.PROPERTY_ID
             WHERE B.USE_YN = 'Y'
        ]]>
        <if test="pushId != null">
            <![CDATA[
                AND A.PUSH_ID = #{pushId}
            ]]>
        </if>
        <if test="propertyId != null">
            <![CDATA[
                AND A.PROPERTY_ID = #{propertyId}
            ]]>
        </if>
        <![CDATA[
             ORDER BY A.PROPERTY_ID, B.SORT_ORDER
        ]]>
    </select>
    <select id="selectNotUsedByPushTypeCode" resultType="Boolean">
        <![CDATA[
            /* [Config_SqlMap.xml] com.lgcns.vpa.channel.client.dao.ConfigDao.selectUseYnByPushTypeCode */
            SELECT CASE WHEN AA.PUSH_COUNT > 0 AND AA.PUSH_COUNT = AA.NOT_USED_COUNT THEN 1 ELSE 0 END AS NOT_USED_YN
              FROM ( SELECT COUNT(1) AS PUSH_COUNT
                           ,COUNT(CASE WHEN A.USE_YN = 'N' THEN 1 END) AS NOT_USED_COUNT
                       FROM IKEP4_VA_PUSH_CONFIG A WITH (NOLOCK)
                      INNER JOIN IKEP4_VA_PUSH B WITH (NOLOCK)
                         ON A.PUSH_ID = B.PUSH_ID
                      WHERE A.USER_ID = #{userId}
                        AND B.BOT_ID = #{botId}
                        AND B.PUSH_TYPE_CODE = #{pushTypeCode} ) AA
        ]]>
    </select>
    <select id="selectPushDetail" resultType="com.lgcns.vpa.channel.model.config.PushConfig">
        <![CDATA[
            /* [Config_SqlMap.xml] com.lgcns.vpa.channel.client.dao.ConfigDao.selectPushDetail */
            SELECT PUSH_ID
                  ,PUSH_NAME
                  ,PUSH_ENGLISH_NAME
                  ,DESCRIPTION
                  ,BOT_ID
                  ,PUSH_TYPE_CODE
                  ,USE_YN
                  ,DEFAULT_USE_YN
                  ,SORT_ORDER
                  ,DISPLAY_DESCRIPTION
                  ,DISPLAY_ENGLISH_DESCRIPTION
                  ,SYSTEM_CODE
                  ,WORKER_NAME
                  ,ACTION_ID
                  ,ACTION_NAME
                  ,REGISTER_ID
                  ,REGISTER_NAME
                  ,REGIST_DATE
                  ,UPDATER_ID
                  ,UPDATER_NAME
                  ,UPDATE_DATE
                  ,ACTION_URI
                  ,DISPLAY_YN
                  ,IP_CHECK_YN
                  ,CASE WHEN IP_CHECK_YN = 'N' THEN  '1'
                        WHEN IP_CHECK_YN = 'Y'
                         AND ( SELECT COUNT(*)
                                 FROM IKEP4_VA_PUSH_IP_WHITELIST B
                                WHERE A.PUSH_ID = B.PUSH_ID
                                  AND  B.IP = #{ip} ) > 0
                        THEN '1'
                        ELSE '0'
                   END AS IP_CHECK_RESULT
              FROM IKEP4_VA_PUSH A WITH (NOLOCK)
             WHERE PUSH_ID = #{pushId}
        ]]>
    </select>
    <select id="selectPushConfigAllUserList" resultType="com.lgcns.vpa.channel.model.config.PushConfig">
        <![CDATA[
            /* [Config_SqlMap.xml] com.lgcns.vpa.channel.client.dao.ConfigDao.selectPushConfigAllUserList */
            SELECT A.PUSH_ID,
                   B.USER_ID,
                   C.LOCALE_CODE
              FROM IKEP4_VA_PUSH A WITH (NOLOCK)
                  ,IKEP4_VA_PUSH_CONFIG B WITH (NOLOCK)
                  ,IKEP4_EV_USER C WITH (NOLOCK)
             WHERE A.PUSH_ID = B.PUSH_ID
               AND A.USE_YN = 'Y'
               AND B.USE_YN = 'Y'
               AND B.USER_ID = C.USER_ID
               AND C.USER_STATUS = 'C'
        ]]>
        <if test="pushId != null">
               AND A.PUSH_ID = #{pushId}
        </if>
        <if test="userId != null">
               AND A.USER_ID = #{userId}
        </if>
    </select>
    <select id="selectPushConfigPropertyAllUserList" resultType="com.lgcns.vpa.channel.model.config.PushConfigProperty">
        <![CDATA[
            /* [Config_SqlMap.xml] com.lgcns.vpa.channel.client.dao.ConfigDao.selectPushConfigPropertyAllUserList */
            SELECT A.PUSH_ID,
                   B.USER_ID,
                   F.GROUP_ID,
                   C.PROPERTY_ID,
                   D.PROPERTY_VALUE,
                   E.LOCALE_CODE
              FROM IKEP4_VA_PUSH A WITH (NOLOCK)
             INNER JOIN IKEP4_VA_PUSH_CONFIG B WITH (NOLOCK)
                ON A.PUSH_ID = B.PUSH_ID
             INNER JOIN IKEP4_VA_PUSH_PROPERTY C WITH (NOLOCK)
                ON B.PUSH_ID = C.PUSH_ID
             INNER JOIN IKEP4_VA_PUSH_PROPERTY_CONFIG D WITH (NOLOCK)
                ON C.PROPERTY_ID = D.PROPERTY_ID
               AND B.USER_ID = D.USER_ID
             INNER JOIN IKEP4_EV_USER E WITH (NOLOCK)
                ON D.USER_ID = E.USER_ID
               AND E.USER_STATUS = 'C'
              LEFT OUTER JOIN IKEP4_EV_USER_GROUP F WITH (NOLOCK)
                ON E.USER_ID = F.USER_ID
               AND F.REPRESENT_GROUP = 1
             WHERE A.USE_YN = 'Y'
               AND B.USE_YN='Y'
        ]]>
        <if test="pushId != null">
               AND A.PUSH_ID = #{pushId}
        </if>
        <if test="userId != null">
               AND A.USER_ID = #{userId}
        </if>
        <if test="propertyId != null">
               AND C.PROPERTY_ID = #{propertyId}
        </if>
    </select>
    
    <select id="selectLegacyConfig" resultType="com.lgcns.vpa.channel.model.config.LegacyConfig">
        <![CDATA[
            /* [Config_SqlMap.xml] com.lgcns.vpa.channel.client.dao.ConfigDao.selectLegacyConfig */
            SELECT 
				LEGACY_CODE
				,LEGACY_TYPE_CODE
				,LEGACY_NAME
				,DESCRIPTION
				,BOT_ID
				,USE_YN
				,ACTION_URI
				,IP_CHECK_YN
				,ORD
				FROM IKEP4_VA_LEGACY_IF WITH (NOLOCK)
				 WHERE LEGACY_CODE = #{legacyCode}
				 AND LEGACY_TYPE_CODE = #{legacyTypeCode}
				 ORDER BY ORD ASC
        ]]>
    </select>
    <select id="selectLegacyConfigList" resultType="com.lgcns.vpa.channel.model.config.LegacyConfig" parameterType="com.lgcns.vpa.channel.model.config.LegacyConfig">
        <![CDATA[
            /* [Config_SqlMap.xml] com.lgcns.vpa.channel.client.dao.ConfigDao.selectLegacyConfigList */
           SELECT 
				LEGACY_CODE
				,LEGACY_TYPE_CODE
				,LEGACY_NAME
				,DESCRIPTION
				,BOT_ID
				,USE_YN
				,ACTION_URI
				,IP_CHECK_YN
				,ORD
				FROM IKEP4_VA_LEGACY_IF WITH (NOLOCK)
				 WHERE LEGACY_CODE = #{legacyCode}
				 ORDER BY ORD ASC
  		]]>
    </select>
</mapper>

